representative	member
A0A291LDG0	A0A291LDG0
A0A291LDG0	A0A411B8E8
A0A291LDG0	A0A291LE00
A0A291LDG0	A0A291LGT2
A0A291LDG0	A0AB39TZ48
A0A291LDG0	I6X7W6
A0A291LDG0	A0A223LDM5
A0A291LDG0	I6X7W6
A0A291LDG0	A0A291LDG0
A0A291LDG0	A0A411B8E8
A0A291LDG0	A0AB39TZ48
A0A291LDG0	A0A291LE00
A0A291LDG0	A0A291LGT2
A0A291LDG0	A0A223LDM5
A0A291LDG0	A0A219YBW7
A0A291LDG0	E5DRP3
A0A291LDG0	A0A219YBW7
A0A291LDG0	E5DRP3
A0A6J7WWZ2	A0A6J7WWZ2
A0A6J7WWZ2	A0A6J7XLQ9
A0A6J7WWZ2	A0A6J5SCT3
A0A6J7WWZ2	A0A6J7XLQ9
A0A6J7WWZ2	A0A6J7WWZ2
A0A6J7WWZ2	A0A6J5SCT3
A0A5P8PJ15	A0A5P8PJ15
A0A5P8PJ15	A0A482IG61
A0A5P8PJ15	A0A0H4J318
A0A5P8PJ15	A0A5P8PM92
A0A5P8PJ15	A0AAE9FRQ1
A0A5B9N3C9	A0A5B9N3C9
A0A5B9N3C9	A0A4Y5TXC9
A0A5B9N3C9	A0A5B9N8D3
A0A5B9N3C9	A0A5B9N308
A0A5B9N3C9	A0A5B9N8D3
A0A5B9N3C9	A0A5B9N3C9
A0A5B9N3C9	A0A4Y5TXC9
A0A5B9N3C9	A0A5B9N308
A0AAU8BBR7	A0AAU8BBR7
A0AAU8BBR7	A0AAU8BCR8
A0A1L2CUG5	A0A1L2CUG5
A0A1L2CUG5	K4F786
A0A1L2CUG5	A0A2C9CWS8
A0A1L2CUG5	A0A2C9CXY4
A0A1L2CUG5	A0A7L8ZNR5
A0A1L2CUG5	A0A1S6UA55
A0A1L2CUG5	A0A7L8ZM68
A0A1L2CUG5	A0A7L8ZM81
A0A1L2CUG5	K4F786
A0A1L2CUG5	A0A1L2CUG5
A0AAU7PH47	A0AAU7PH47
A0AAU7PH47	A0A097EY69
A0AAU7PH47	A0A2Z5H9Z6
A0AAU7PH47	A0A5A4U8D7
A0AAU7PH47	L7TIR8
A0AAU7PH47	A0AAJ3CWU5
A0AAU7PH47	A0A1C3S6Z7
A0AAU7PH47	A0AAU7PH47
A0AAU7PH47	A0A2Z5H9Z6
A0AAU7PH47	A0A1C3S6Z7
A0AAU7PH47	A0A5A4U8D7
A0AAU7PH47	L7TIR8
A0AAU7PH47	A0AAJ3CWU5
A0AAE9TIT1	A0AAE9TIT1
A0AAE9TIT1	A0AAE9VYC6
A0AAE9TIT1	I1TRT9
A0AAE9TIT1	A0A060AHC3
A0AAE9TIT1	A0A0K1YAS5
A0AAE9TIT1	A0A060AHC3
A0AAE9TIT1	A0A0K1YAS5
A0AAE9TIT1	I1TRT9
A0AAE9TIT1	A0AAE9TIT1
A0AAE9TIT1	A0AAE9VYC6
A0AAE9TIT1	K9L4D8
A0AAE9TIT1	M1EZJ7
A0AAE9TIT1	M1EZJ7
A0AAE9TIT1	K9L4D8
H6X4U3	H6X4U3
H6X4U3	A0A0A8J9U8
H6X4U3	A0A0A8J9U8
H6X4U3	H6X4U3
I3UMH0	I3UMH0
A0A385F0B0	A0A385F0B0
A0A385F0B0	N9L8X1
A0A385F0B0	A0A241ZHY7
A0A385F0B0	A0A0R0ZD43
A0A385F0B0	A0A062IV32
A0A385F0B0	A0AAX2VSG4
A0A385F0B0	A0ABC9UYM5
A0A385F0B0	A0A1S2FXH7
A0A385F0B0	A0A009IPI8
A0A385F0B0	A0A241ZHY7
A0A385F0B0	N9L8X1
A0A385F0B0	A0A062IV32
A0A385F0B0	A0A385F0B0
A0A385F0B0	A0AAX2VSG4
A0A385F0B0	A0ABC9UYM5
A0A385F0B0	A0A1S2FXH7
A0A385F0B0	A0A009IPI8
A0A385F0B0	A0A0R0ZD43
A0A2N4TY18	A0A2N4TY18
A0A1B0XWD1	A0A1B0XWD1
A0A1B0XWD1	F4YA87
A0A1B0XWD1	A0A7T3KF63
A0A1B0XWD1	A0A7T3KHQ1
A0A1B0XWD1	A0A7T3KG71
A0A1B0XWD1	G0LWF9
A0A1B0XWD1	A0A7T3KFH4
A0A1B0XWD1	A0A7T3KEW4
A0A1B0XWD1	A0A7T3KGI5
A0A1B0XWD1	A0A7T3KFS2
A0A1B0XWD1	A0A7T3KDI8
A0A1B0XWD1	A0A1B0XVU8
A0A1B0XWD1	S5WAB0
A0A1B0XWD1	G8GIS4
A0A1B0XWD1	A0A1D8EX50
A0A1B0XWD1	A0A7T3KEK0
A0A1B0XWD1	A0A7T3KE82
A0A1B0XWD1	A0AAF0JY54
A0A1B0XWD1	J9RWU7
A0A1B0XWD1	A0A7T3KHN0
A0A1B0XWD1	A0A7T3N1S6
A0A1B0XWD1	A0A7T3KEF9
A0A1B0XWD1	A0A7T3KHZ5
A0A1B0XWD1	A0A7T3KDZ5
A0A1B0XWD1	A0A7T3KIE3
A0A1B0XWD1	A0A7T3KHZ5
A0A1B0XWD1	A0A7T3KDZ5
A0A1B0XWD1	A0A7T3KIE3
A0A1B0XWD1	A0A7T3N1S6
A0A1B0XWD1	J9RWU7
A0A1B0XWD1	A0A1B0XVU8
A0A1B0XWD1	S5WAB0
A0A1B0XWD1	A0A7T3KEF9
A0A1B0XWD1	G8GIS4
A0A1B0XWD1	A0A7T3KDI8
A0A1B0XWD1	A0A7T3KF63
A0A1B0XWD1	A0A7T3KHQ1
A0A1B0XWD1	A0A7T3KG71
A0A1B0XWD1	A0A7T3KFH4
A0A1B0XWD1	A0A7T3KEW4
A0A1B0XWD1	A0A7T3KGI5
A0A1B0XWD1	A0A7T3KFS2
A0A1B0XWD1	A0A7T3KEK0
A0A1B0XWD1	G0LWF9
A0A1B0XWD1	A0A7T3KE82
A0A1B0XWD1	A0A1D8EX50
A0A1B0XWD1	A0A1B0XWD1
A0A1B0XWD1	F4YA87
A0A1B0XWD1	A0AAF0JY54
A0A1B0XWD1	A0A7T3KHN0
A4V7V3	A4V7V3
A4V7V3	A0A1D3K7L4
A4V7V3	A0A1X0ZMF7
A4V7V3	A0A7S9LD39
A4V7V3	A0AAJ5V4K3
A4V7V3	A0ABS2BZH5
A4V7V3	A0A8T8CAM8
A4V7V3	A0AAJ5V4K3
A4V7V3	A0ABS2BZH5
A4V7V3	A0A1X0ZMF7
A4V7V3	A0A7S9LD39
A0AAJ1KTG5	A0AAJ1KTG5
A0AAJ1KTG5	A0ABY6WZD8
A0AAJ1KTG5	A0A483IUD9
A0AAJ1KTG5	A0AAJ1KTG5
A0AAJ1KTG5	A0A483IUD9
A0AAJ1KTG5	A0ABY6WZD8
A0AAJ1KTG5	A0AAX3LJF5
A0AAJ1KTG5	A0A759SA01
A0AAJ1KTG5	A0ABY0HUW5
A0AAJ1KTG5	A0A5T4T799
A0AAJ1KTG5	A0A8S7RKB1
A0AAJ1KTG5	A0AAN5UG21
A0AAJ1KTG5	A0A826RZ46
A0AAJ1KTG5	A0A6M4PA25
A0AAJ1KTG5	A0AAI8ZK77
A0AAJ1KTG5	A0A7I0KNR1
A0AAJ1KTG5	A0A745KAM6
A0AAJ1KTG5	A0A6X8X2B8
A0AAJ1KTG5	A0A5J1F7X4
A0AAJ1KTG5	A0A5Z4BY80
A0AAJ1KTG5	A0ABR6S1S5
A0AAJ1KTG5	A0A8E2GT67
A0AAJ1KTG5	A0A2T3UZB8
A0AAJ1KTG5	A0A759H4X5
A0AAJ1KTG5	A0A0D3RJS8
A0AAJ1KTG5	A0A0K3X6U9
A0AAJ1KTG5	A0A0V9R6S4
A0AAJ1KTG5	A0A3S9U5L2
A0AAJ1KTG5	A0A8H9DDR2
A0AAJ1KTG5	A0ABT8PZH9
A0AAJ1KTG5	A0A3Q8G8H2
A0AAJ1KTG5	A0A1S7BG61
A0AAJ1KTG5	A0A3L3ZC15
A0AAJ1KTG5	A0A444RIL4
A0AAJ1KTG5	A0AAJ3NZJ2
A0AAJ1KTG5	E2QDE3
A0AAJ1KTG5	A0A141BRB1
A0AAJ1KTG5	A0A3R0MU75
A0AAJ1KTG5	A0A5Z5YSQ4
A0AAJ1KTG5	A0A748DQ15
A0AAJ1KTG5	A0A710BN05
A0AAJ1KTG5	A0A757CQV7
A0AAJ1KTG5	A0A7U0K7D3
A0AAJ1KTG5	A0AAD2VMI6
A0AAJ1KTG5	A0ABY7LCM7
A0AAJ1KTG5	A0A3W2NT58
A0AAJ1KTG5	A0A828HCD1
A0AAJ1KTG5	A0A1X3IY58
A0AAJ1KTG5	A0AAW7VDS0
A0AAJ1KTG5	A0A8S7XZ44
A0AAJ1KTG5	A0A632W5P1
A0AAJ1KTG5	A0A775TJS7
A0AAJ1KTG5	A0A8S7N6Z0
A0AAJ1KTG5	A0A610H5Y8
A0AAJ1KTG5	A0A716E7H5
A0AAJ1KTG5	A0A736ZUU2
A0AAJ1KTG5	A0A752BZF4
A0AAJ1KTG5	A0A762KGR3
A0AAJ1KTG5	A0A2L1KUK0
A0AAJ1KTG5	A0A716R9X7
A0AAJ1KTG5	A0A384KX51
A0AAJ1KTG5	A0A5T2PQC8
A0AAJ1KTG5	A0A5U1KPY5
A0AAJ1KTG5	A0A603X8G8
A0AAJ1KTG5	A0A753GFF0
A0AAJ1KTG5	A0A6G6AS08
A0AAJ1KTG5	A0A5V0A5X4
A0AAJ1KTG5	A0A168QI88
A0AAJ1KTG5	A0A9Q2WEP1
A0AAJ1KTG5	A0A286NYF6
A0AAJ1KTG5	A0AAN5X0B0
A0AAJ1KTG5	A0AB33GWI3
A0AAJ1KTG5	A0AAE7YHQ1
A0AAJ1KTG5	A0A5N3CY10
A0AAJ1KTG5	A0AAW9EPX5
A0AAJ1KTG5	A0A7D5JSC7
A0AAJ1KTG5	A0A728X5G0
A0AAJ1KTG5	A0A0P0KSX7
A0AAJ1KTG5	A0AAE8X0C6
A0AAJ1KTG5	A0A1L4BLG5
A0AAJ1KTG5	A0A720VPK7
A0AAJ1KTG5	A0A5T3Z8T7
A0AAJ1KTG5	Q935C7
A0AAJ1KTG5	A0A1S7BG61
A0AAJ1KTG5	A0A844PWW7
A0AAJ1KTG5	A0A9Q4UKQ1
A0AAJ1KTG5	A0A377THP5
A0AAJ1KTG5	A0A0H3GVF5
A0AAJ1KTG5	A0A748DQ15
A0AAJ1KTG5	A0A232MSM3
A0AAJ1KTG5	A0A9Q4RIM6
A0AAJ1KTG5	A0A220SVI5
A0AAJ1KTG5	A0A745KAM6
A0AAJ1KTG5	A0A759H4X5
A0AAJ1KTG5	A0A6X8X2B8
A0AAJ1KTG5	A0A0D3RJS8
A0AAJ1KTG5	A0A5T4T799
A0AAJ1KTG5	A0A5Z4BY80
A0AAJ1KTG5	A0A759SA01
A0AAJ1KTG5	A0A5U0XLL5
A0AAJ1KTG5	A0A604EW77
A0AAJ1KTG5	A0A5X9QI67
A0AAJ1KTG5	A0A5U3EHK6
A0AAJ1KTG5	A0A710BN05
A0AAJ1KTG5	A0A757CQV7
A0AAJ1KTG5	A0A7D5JSC7
A0AAJ1KTG5	A0ABY7LCM7
A0AAJ1KTG5	O68776
A0AAJ1KTG5	A0A736ZUU2
A0AAJ1KTG5	A0A5J1F7X4
A0AAJ1KTG5	A0A716E7H5
A0AAJ1KTG5	A0A384KX51
A0AAJ1KTG5	A0ABR6S1S5
A0AAJ1KTG5	A0ABT8PZH9
A0AAJ1KTG5	A0A762KGR3
A0AAJ1KTG5	A0A5N3CY10
A0AAJ1KTG5	A0A0V9R6S4
A0AAJ1KTG5	A0A3L3ZC15
A0AAJ1KTG5	A0A444RIL4
A0AAJ1KTG5	A0A828HCD1
A0AAJ1KTG5	A0A5Z5YSQ4
A0AAJ1KTG5	A0A3W2NT58
A0AAJ1KTG5	A0A720VPK7
A0AAJ1KTG5	A0A5T3Z8T7
A0AAJ1KTG5	A0A716R9X7
A0AAJ1KTG5	Q935C7
A0AAJ1KTG5	A0ABY0HUW5
A0AAJ1KTG5	A0A5U1KPY5
A0AAJ1KTG5	A0A603X8G8
A0AAJ1KTG5	A0A752BZF4
A0AAJ1KTG5	A0A753GFF0
A0AAJ1KTG5	A0A610H5Y8
A0AAJ1KTG5	A0A5T2PQC8
A0AAJ1KTG5	A0A6G6AS08
A0AAJ1KTG5	A0A5V0A5X4
A0AAJ1KTG5	A0A168QI88
A0AAJ1KTG5	A0A9Q2WEP1
A0AAJ1KTG5	A0A286NYF6
A0AAJ1KTG5	A0AAN5X0B0
A0AAJ1KTG5	A0AB33GWI3
A0AAJ1KTG5	A0AAE7YHQ1
A0AAJ1KTG5	A0A8S7XZ44
A0AAJ1KTG5	A0AAW9EPX5
A0AAJ1KTG5	A0A728X5G0
A0AAJ1KTG5	A0A2L1KUK0
A0AAJ1KTG5	A0AAE8X0C6
A0AAJ1KTG5	A0AAX3LJF5
A0AAJ1KTG5	A0A3Q8G8H2
A0AAJ1KTG5	A0A775TJS7
A0AAJ1KTG5	A0A141BRB1
A0AAJ1KTG5	A0A7U0K7D3
A0AAJ1KTG5	A0A0P0KSX7
A0AAJ1KTG5	A0A0K3X6U9
A0AAJ1KTG5	A0A8H9DDR2
A0AAJ1KTG5	A0A8S7N6Z0
A0AAJ1KTG5	A0AAW7VDS0
A0AAJ1KTG5	A0A3R0MU75
A0AAJ1KTG5	A0A2T3UZB8
A0AAJ1KTG5	A0A1X3IY58
A0AAJ1KTG5	A0A6M4PA25
A0AAJ1KTG5	E2QDE3
A0AAJ1KTG5	A0A632W5P1
A0AAJ1KTG5	A0AAI8ZK77
A0AAJ1KTG5	A0A1L4BLG5
A0AAJ1KTG5	A0A3S9U5L2
A0AAJ1KTG5	A0AAD2VMI6
A0AAJ1KTG5	A0A7I0KNR1
A0AAJ1KTG5	A0A8E2GT67
A0AAJ1KTG5	A0A8S7RKB1
A0AAJ1KTG5	A0AAN5UG21
A0AAJ1KTG5	A0AAJ3NZJ2
A0AAJ1KTG5	A0A826RZ46
A0AAJ1KTG5	A0A853H7G4
A0AAJ1KTG5	A0ABX5JW15
A0AAJ1KTG5	A0AB35XCY8
A0AAJ1KTG5	A0AB35XCY8
A0AAU6W402	A0AAU6W402
A0A218M3C8	A0A218M3C8
D5GVL9	D5GVL9
D5GVL9	A0A410T719
D5GVL9	A0A7L8ZKH9
D5GVL9	D5GV25
D5GVL9	H6SUC9
D5GVL9	H6SUC9
D5GVL9	A0A7L8ZKH9
D5GVL9	D5GV25
D5GVL9	D5GVL9
D5GVL9	A0A410T719
A0A1V0M682	A0A1V0M682
A0A1V0M682	A0A7G8ACS3
A0A1V0M682	A0A2K4XIB5
A0A1V0M682	A0A223Q4D6
A0A1V0M682	A0A2R3J4N3
A0A1V0M682	A0A1A9KP12
A0A1V0M682	A0A5P9W9T3
A0A1V0M682	A0AA34S0Z1
A0A1V0M682	A0AA34S0Z1
A0A1V0M682	A0A2K4XIB5
A0A1V0M682	A0A223Q4D6
A0A1V0M682	A0A2R3J4N3
A0A1V0M682	A0A1A9KP12
A0A1V0M682	A0A5P9W9T3
A0A1V0M682	A0A1V0M682
A0A1V0M682	A0A9X4I165
A0A1V0M682	A0A7G8ACS3
A0ABV5BVF6	A0ABV5BVF6
A0A5M9QX63	A0A5M9QX63
A0A5M9QX63	A0A1V0M466
A0A5M9QX63	A0A1V0M466
A0A5M9QX63	A0A5M9QX63
A0A7X8SRR0	A0A7X8SRR0
A0AAE8XBT3	A0AAE8XBT3
A0AAE8XBT3	A0A7S6L0Y6
A0AAE8XBT3	A0A8A6C5Y9
A0ABZ2CQY7	A0ABZ2CQY7
A0ABZ2CQY7	A0A9E7T0U2
A0A9P0VDH5	A0A9P0VDH5
A0ABX8EPL7	A0ABX8EPL7
A0A7G8LJ71	A0A7G8LJ71
A0A7G8LJ71	F0V6X3
A0A088F909	A0A088F909
E9KIE5	E9KIE5
E9KIE5	M4H451
E9KIE5	A0A0A0YX67
E9KIE5	A0A2S1PGT2
E9KIE5	A0A2S1PDH7
E9KIE5	A0A2S1PDV1
E9KIE5	A0A2Z4QIW6
A0A2D0YV79	A0A2D0YV79
A0A1B2AN12	A0A1B2AN12
A0A1B2AN12	A0A1B2AMV8
A0A1B2AN12	A0ABY3P984
A0A1B2AN12	A0A1B2AN41
A0A1B2AN12	A0A1B2AN92
A0A1B2AN12	A0AAF0K6D0
A0A1B2AN12	V5YTS9
A0A2U7NLZ3	A0A2U7NLZ3
A0A2U7NLZ3	A0AAE9VFV2
A0AAU9EZB2	A0AAU9EZB2
A0A140IET2	A0A140IET2
Q0E5Y7	Q0E5Y7
A0A7D7F094	A0A7D7F094
A0A7D7F094	A0A6M3TCP9
A0A8T8IW07	A0A8T8IW07
A0A8T8IW07	D2EBR9
A0A7X8SRP8	A0A7X8SRP8
A0A2Z2U7V9	A0A2Z2U7V9
A0AAE9VJY2	A0AAE9VJY2
A0AAE9VJY2	E5RUZ7
A0AAE9VJY2	A0A0U1ZE89
A0A2S9X6A4	A0A2S9X6A4
A0A7D5KDU3	A0A7D5KDU3
A0AAF0FHY4	A0AAF0FHY4
A0AAF0FHY4	A0A2R4P996
A0AAF0FHY4	S4SYR3
A0AAF0FHY4	H6WTW2
A0AAF0FHY4	A0A5Q2F4D2
A0AAF0FHY4	B4XY59
A0AAF0FHY4	Q7Y2E8
A0AAF0FHY4	A0A142F0C0
A0AAF0FHY4	A0A6B9M2D3
A0AAF0FHY4	B4XMX0
A0AAF0FHY4	A0A649V4G1
A0AAF0FHY4	A0AAU0N3M3
A0AAF0FHY4	A0ABX9AFR7
A0AAF0FHY4	A0A0A1IX61
A0AAF0FHY4	A0A0A1IWK6
A0AAF0FHY4	C0MQE2
A0AAF0FHY4	A0A9E7QLL6
A0AAF0FHY4	A0A7T7JU46
A0AAF0FHY4	A0AAU8KWX9
A0AAF0FHY4	A0A2P0P9U8
A0AAF0FHY4	A0A649V3Z5
A0AAF0FHY4	U5ICF1
A0AAF0FHY4	A0A6C0R0B9
A0AAF0FHY4	A0AAE9YFP7
A0AAF0FHY4	A0A455P631
A0AAF0FHY4	A9J786
A0AAF0FHY4	A0A9X9JUX9
A0AAF0FHY4	A0AAF0CZD1
A0A0B4N5T3	A0A0B4N5T3
A0A0B4N5T3	Q0E648
A0A0B4N5T3	A0ABZ2CNK6
A0A0B4N5T3	A0AAE9C8X7
A0A0B4N5T3	A0AAX4G069
A0A0B4N5T3	A0A7T7G0G5
A0A0B4N5T3	A0A7T1TW05
A0A0H2YMR2	A0A0H2YMR2
A0A0H2YMR2	A0A5P8YMW2
A0A8K1J6J6	A0A8K1J6J6
A0A8K1J6J6	F1D003
A0A8K1J6J6	F1D0E8
A0A8K1J6J6	H9YAF5
A0A8K1J6J6	Q4TVY0
A0A8K1J6J6	A0A2D0Z600
A0A8K1J6J6	F1D054
A0A8K1J6J6	A0A2D0Z6D6
A0A8K1J6J6	A0A2D0YLA2
A0A8K1J6J6	A0A2D0Z4N5
A0A8K1J6J6	F1D0J6
A0A8K1J6J6	A0A2D0Z2M7
A0A8K1J6J6	F1D0A1
A0A8K1J6J6	A0AAX4CZ47
A0A8K1J6J6	D0Q188
A0A8K1J6J6	A0A2P0ZKC5
A0A8K1J6J6	A0A2D0YK76
A0A8K1J6J6	A0A2D0YKH7
A0A8K1J6J6	A0A2D0Z343
A0A8K1J6J6	A0A2D0XZX5
A0A8K1J6J6	A0A2D0Z211
A0A8K1J6J6	A0A858N1P5
A0A8K1J6J6	A0A2D0Z7K6
A0A7T6ZLU9	A0A7T6ZLU9
A0A7T6ZLU9	A0A873WKN7
A0A7X9XDR9	A0A7X9XDR9
A0A7D5G6I3	A0A7D5G6I3
A0A0J8IL88	A0A0J8IL88
A0A0J8IL88	A0A0J8FTX2
A0A0J8IL88	A0ABT5NLU5
A0A0J8IL88	A0AAF0I7U0
A0AA42QGC3	A0AA42QGC3
A0A7G8ZYP2	A0A7G8ZYP2
A0A7G8ZYP2	A0A1Y0T0N8
A0A7G8ZYP2	A0A218M4E0
A9XKU8	A9XKU8
A9XKU8	A0A088FBR7
A9XKU8	A9XKU7
A9XKU8	A9XKU9
A9XKU8	A9XKU4
A9XKU8	A9XKU3
A9XKU8	A9XKV5
A9XKU8	A9XKV4
A9XKU8	A9XKU6
A9XKU8	A9XKU5
A9XKU8	A9XKV3
A9XKU8	A9XKV2
A9XKU8	A9XKV1
A9XKU8	A9XKV0
A0ABT5P6F6	A0ABT5P6F6
A0AAU6W338	A0AAU6W338
A0AAU6W338	A0AAF0GKL0
A0AAU6W338	A0AAU8BU05
A0AAU6W338	A0A0S2MVL5
A0AAU6W338	A0A7G8LJM5
A0AAU6W338	Q859H1
A0AAU6W338	A0A1W6JRX8
A0AAU6W338	A0A7G8LJS7
A0AAU6W338	A0AAX4NBZ3
A0AAU6W338	A0A6M3T8T9
A0AAU6W338	A0A2K9VH94
A0AAU6W0G6	A0AAU6W0G6
A0AAU6W0G6	A0AAU6W372
A0AAU6W0G6	A0A6M3TA32
A0AAU6W0G6	A0AB74UKK7
A0AAU6W0G6	A0AAE8BR03
A0AAU6W0G6	A0A7D0PMG0
A0AAU6W0G6	A0A7D0TNC6
A0AAU6W0G6	A0A7D0TPI6
A0AAU6W0G6	A0A7D0PLL5
A0AAU6W0G6	A0A7D0TNR8
A0AAU6W0G6	A0A2H4YG87
A0AAU6W0G6	A0A1W6JRS1
A0AAU6W0G6	A0A7D0PL29
A0AAU6W0G6	A0A0G2T4I5
A0AAU6W0G6	A0A059VFT5
A0AAU6W0G6	A0A160SVL5
A0AAU6W0G6	A0AAE8AUP5
A0AAU6W0G6	A0AAE8XEG1
A0A223LH22	A0A223LH22
A0A223LH22	A0A223LH22
E5DQH7	E5DQH7
E5DQH7	E5DQH7
A0A384ZS20	A0A384ZS20
A0A384ZS20	A0A384ZS20
A0A1W6DY77	A0A1W6DY77
A0A4P2TEB0	A0A4P2TEB0
A0A4P2TEB0	A0A4Y5TVG3
A0A0N7CF28	A0A0N7CF28
A0A2H0NCP8	A0A2H0NCP8
A0ABX3Z124	A0ABX3Z124
A0ABX5MGN8	A0ABX5MGN8
T1BEB0	T1BEB0
T1BEB0	T1BEB0
A0A418VP57	A0A418VP57
A0A418VP57	A0A418VP57
I7JVV3	I7JVV3
I7JVV3	I7JVV3
A0A382M8F4	A0A382M8F4
A0A382M8F4	A0A382M8F4
A0AAU8BB64	A0AAU8BB64
A0AAU8BB64	A0AAU8BB64
A0A942WSQ6	A0A942WSQ6
A0A942WSQ6	A0A942WSQ6
Q859C6	Q859C6
Q859C6	Q859C6
A0A6J5LEB0	A0A6J5LEB0
A0A8S5SNU3	A0A8S5SNU3
A0A8S5SNU3	A0A8S5SNU3
A0A6J5KVH8	A0A6J5KVH8
A0A5M6I6L1	A0A5M6I6L1
A0A0N7CEX4	A0A0N7CEX4
A0AAJ5LJM5	A0AAJ5LJM5
A0A8S5RDY3	A0A8S5RDY3
A0A2R3ZXE1	A0A2R3ZXE1
A0A2R3ZXE1	A0A2R3ZXE1
A0A5N5QHD5	A0A5N5QHD5
A0A0D7BV52	A0A0D7BV52
A0ABR1J8N0	A0ABR1J8N0
A0ABR1J8N0	A0A4S8KLZ8
A0A9W8MX12	A0A9W8MX12
A0A9W8MX12	A0A8S0WBE4
A0ABX2H490	A0ABX2H490
A0ABN7KBL5	A0ABN7KBL5
A0A7Z2T342	A0A7Z2T342
A0A8B6E042	A0A8B6E042
A0A3R9FH80	A0A3R9FH80
A0A3R9FH80	A0A7Y4EFL1
U2ZV87	U2ZV87
U2ZV87	A0ABQ6F320
A0A4Q5KJL4	A0A4Q5KJL4
A0A4Q5KJL4	A0A6N6RQ16
A0A4Q5KJL4	A0A4Q5KW38
A0A4S2N3G0	A0A4S2N3G0
A0A2S7VE66	A0A2S7VE66
A0A2S7VE66	A0A7Y4DR56
A0A2S7VE66	A0ABV4N6L7
A0A2S7VE66	A0ABV4N487
A0A4V0ZGD6	A0A4V0ZGD6
A0A6J8CLY9	A0A6J8CLY9
A0A6J8CLY9	A0A6J8CN90
A0A2H4YG03	A0A2H4YG03
A0A2H4YG03	A0A0A0YPD5
A0A2H4YG03	A0A2H4YG03
A0A2H4YG03	A0A0A0YPD5
A0A2H4YG03	A0A0B4L932
A0A2H4YG03	M1EAH2
A0A2H4YG03	A0A2D1GMF1
A0A2H4YG03	A0A0B4L932
A0A2H4YG03	M1EAH2
A0A2H4YG03	A0A2D1GMF1
A0A2H4YG03	A0A0K1LNU6
A0A2H4YG03	A0A5B9NGR8
A0A2H4YG03	A0A1D3RKQ4
A0A2H4YG03	E5DHT3
A0A2H4YG03	W6AUM7
A0A2H4YG03	A0A5B9NGR8
A0A2H4YG03	E5DHT3
A0A2H4YG03	A0A1D3RKQ4
A0A2H4YG03	A0A0K1LNU6
A0A2H4YG03	W6AUM7
E3SF16	E3SF16
E3SF16	P00970
E3SF16	A0A023ZUP5
E3SF16	A0A097J877
E3SF16	A0A7S9SUA9
E3SF16	A0A097J7H2
E3SF16	A0A193H043
E3SF16	A0A482GML6
E3SF16	A0A482GK67
E3SF16	A0A097J1B5
E3SF16	A0A097J546
E3SF16	A0A097J2R4
E3SF16	A0A160CBD2
E3SF16	A0A097J4B5
E3SF16	A0A097J3L1
E3SF16	A0A097J214
E3SF16	A0A514U5U9
E3SF16	A0A0M7Q9F2
E3SF16	A0A0M7QDC8
E3SF16	A0A449C3U3
E3SF16	A0A482MV76
E3SF16	A0AB39CBH3
E3SF16	A0A193H1Y7
E3SF16	A0A6B9KN42
E3SF16	A0A023ZW70
E3SF16	A0A2S1GQ38
E3SF16	P19088
E3SF16	A0A346FJT0
E3SF16	A0A1J0GSH5
E3SF16	A0A7D5JQF9
E3SF16	A0A161BYS3
E3SF16	A0A482N3F3
E3SF16	A0A6H0XA32
E3SF16	A0A345AZH8
E3SF16	K4FC28
E3SF16	F2VXQ5
E3SF16	A0A291LCD2
E3SF16	A0A7D5FRJ2
E3SF16	A0A6B9WHR9
E3SF16	A0A2K9VLU8
E3SF16	A0A3S7GWE6
E3SF16	A0AB39CAK2
E3SF16	A0A7D5JPV1
E3SF16	A0A384SL53
E3SF16	A0A7D5FRA9
E3SF16	A0A2Z5WKV8
E3SF16	A0A7S6HSE9
E3SF16	D4ZA00
E3SF16	A0A384SYH0
E3SF16	I7LHK8
E3SF16	A0A2K9VL60
E3SF16	A0A6B9WI57
E3SF16	S5MRF0
E3SF16	A0A249XW13
E3SF16	A0A6B9LKK4
E3SF16	A0A193H094
E3SF16	A0A0M7Q7U1
E3SF16	A0A0M7Q9U7
E3SF16	A0A6B9WML5
E3SF16	A0A449C6C7
E3SF16	A0A6G8R867
E3SF16	A0A482MYR0
E3SF16	A0A0M9JDQ8
E3SF16	A0A384TA72
E3SF16	A0A6G9LU93
E3SF16	A0A482N083
E3SF16	G1FHC1
E3SF16	A0A3G9HB38
E3SF16	A0A482GHB5
E3SF16	A0A6B9KN42
E3SF16	A0A249XW13
E3SF16	P00970
E3SF16	A0A023ZUP5
E3SF16	A0A097J877
E3SF16	A0A291LCD2
E3SF16	A0A7D5JPV1
E3SF16	A0A7S6HSE9
E3SF16	A0A482MYR0
E3SF16	A0A161BYS3
E3SF16	A0A7S9SUA9
E3SF16	A0A1J0GSH5
E3SF16	K4FC28
E3SF16	A0A097J7H2
E3SF16	P19088
E3SF16	A0A346FJT0
E3SF16	A0A6B9WI57
E3SF16	A0A514U5U9
E3SF16	A0A097J1B5
E3SF16	A0A384SYH0
E3SF16	A0A193H043
E3SF16	A0A097J546
E3SF16	A0A482N3F3
E3SF16	A0A6H0XA32
E3SF16	A0A097J2R4
E3SF16	A0A0M7Q9F2
E3SF16	A0A193H094
E3SF16	A0A160CBD2
E3SF16	A0A097J4B5
E3SF16	A0A097J3L1
E3SF16	A0A0M7QDC8
E3SF16	A0A449C3U3
E3SF16	A0A097J214
E3SF16	A0A6B9WML5
E3SF16	S5MRF0
E3SF16	A0A023ZW70
E3SF16	F2VXQ5
E3SF16	A0A2S1GQ38
E3SF16	A0A6B9LKK4
E3SF16	A0A482MV76
E3SF16	I7LHK8
E3SF16	A0AB39CBH3
E3SF16	A0A345AZH8
E3SF16	A0AB39CAK2
E3SF16	A0A384SL53
E3SF16	A0A2Z5WKV8
E3SF16	A0A193H1Y7
E3SF16	A0A7D5FRJ2
E3SF16	A0A6B9WHR9
E3SF16	A0A2K9VLU8
E3SF16	A0A482GHB5
E3SF16	A0A3S7GWE6
E3SF16	D4ZA00
E3SF16	A0A3G9HB38
E3SF16	A0A0M7Q7U1
E3SF16	A0A0M7Q9U7
E3SF16	A0A7D5FRA9
E3SF16	A0A6G9LU93
E3SF16	A0A0M9JDQ8
E3SF16	A0A482N083
E3SF16	A0A7D5JQF9
E3SF16	A0A2K9VL60
E3SF16	A0A482GML6
E3SF16	A0A482GK67
E3SF16	A0A384TA72
E3SF16	A0A6G8R867
E3SF16	G1FHC1
E3SF16	A0A449C6C7
E3SF16	A0A2Z5H439
E3SF16	A0A449C5G3
E3SF16	A0A3B8DKY2
E3SF16	A0A449C5G3
E3SF16	A0A2Z5H439
E3SF16	A0A3B8DKY2
E3SF16	A0AB39AKC0
E3SF16	A0A482N0E7
E3SF16	A0A3G3BZW7
E3SF16	A0A5B9MVF1
E3SF16	A0A6B9WHJ1
E3SF16	A0A6G8R8Z8
E3SF16	C3V2I5
E3SF16	A0A249XYG7
E3SF16	A0A3G3BZW7
E3SF16	A0A5B9MVF1
E3SF16	A0A249XYG7
E3SF16	A0AB39AKC0
E3SF16	A0A482N0E7
E3SF16	A0A6G8R8Z8
E3SF16	A0A6B9WHJ1
E3SF16	C3V2I5
E3SF16	A0A097J5X7
E3SF16	A0A482GEL6
E3SF16	A0A482GF90
E3SF16	A0A482GNP5
E3SF16	A0A097J5X7
E3SF16	A0A482GEL6
E3SF16	A0A482GF90
E3SF16	A0A482GNP5
E3SF16	A0A2K9VFM9
E3SF16	A0A2K9VGE6
E3SF16	A0A2K9VFM9
E3SF16	A0A2K9VGE6
E3SF16	A0A5B9MTN7
E3SF16	A0A249XZF6
E3SF16	G0X5X0
E3SF16	A0A6G8QX30
E3SF16	C3V1Q9
E3SF16	A0A249XZF6
E3SF16	G0X5X0
E3SF16	A0A5B9MTN7
E3SF16	A0A6G8QX30
E3SF16	C3V1Q9
E3SF16	A0A7T7K8G2
E3SF16	A0A3G3MC76
E3SF16	A0A173GAK3
E3SF16	A0A7H0XCD6
E3SF16	A0A7L7SVL1
E3SF16	A0A291AZK6
E3SF16	A0A4Y6E9M1
E3SF16	A0A7T7K8G2
E3SF16	A0A7H0XCD6
E3SF16	A0A3G3MC76
E3SF16	A0A7L7SVL1
E3SF16	A0A173GAK3
E3SF16	A0A4Y6E9M1
E3SF16	A0A291AZK6
E3SF16	A0AAX4R5C9
E3SF16	A0A6M3G9S2
E3SF16	A0A6M3G9S2
E3SF16	A0AAX4R5C9
E3SF16	A0A0A0PU78
E3SF16	A0A162EE47
E3SF16	A0A0A0PU78
E3SF16	A0A162EE47
E3SF16	A0AAF0FLN3
E3SF16	A0AAF0FMS0
E3SF16	A0AAF0FHV0
E3SF16	A0A2Z5WK81
E3SF16	A0AAF0FLN3
E3SF16	A0AAF0FMS0
E3SF16	A0AAF0FHV0
E3SF16	A0A2Z5WK81
E3SF16	A0A097J6N0
E3SF16	Q06EC9
E3SF16	A0A097J6N0
E3SF16	Q06EC9
E3SF16	A0A0A7HC26
E3SF16	A0AAE9C836
E3SF16	A0A0A7HC26
E3SF16	E5FIP8
E3SF16	A0A0A7HD51
E3SF16	A0A0A7HHI8
E3SF16	E5FIP8
E3SF16	A0A0A7HD51
E3SF16	A0A0A7HHI8
E3SF16	A0A3G2KB51
E3SF16	A0A193H2E8
E3SF16	A0A088FRE5
E3SF16	A0A6B9WR36
E3SF16	A0A386K4V4
E3SF16	A0A6B9XIJ8
E3SF16	A0A0F6R8G9
E3SF16	A0A0U2DA07
E3SF16	A0A4D6DXU3
E3SF16	A0A482N1D0
E3SF16	A0A482GHW0
E3SF16	A0A060BE80
E3SF16	A0A2U8QP35
E3SF16	A0A5B9N449
E3SF16	A0A0F6TH16
E3SF16	A0A3G3MD15
E3SF16	A0A899ILZ6
E3SF16	A0A650F178
E3SF16	A0A218MAA5
E3SF16	A0A0F6TIW3
E3SF16	A0A1W6JU21
E3SF16	Q7Y4T9
E3SF16	A0A482MUF0
E3SF16	A0A384SLD7
E3SF16	A0A5B9N777
E3SF16	A0A2Z4QC36
E3SF16	A0A3G2KCC9
E3SF16	A0A6G6XI96
E3SF16	A0A8F3HM23
E3SF16	A0A5B9N2G2
E3SF16	A0A067ZK18
E3SF16	A0A1L7DQW0
E3SF16	A0A1L7DQW0
E3SF16	A0A386KJB6
E3SF16	A0A386KJB6
E3SF16	A0A097BX64
E3SF16	A0A097BX64
E3SF16	A0A2K9VBI7
E3SF16	A0A2K9VBI7
E3SF16	A0A2U8QPS2
E3SF16	A0A2U8QPS2
E3SF16	A0A2K9VN14
E3SF16	A0A2K9VN14
E3SF16	A0A2S1GQT5
E3SF16	A0A2S1GQT5
E3SF16	A0A4P8N5R9
E3SF16	A0A4P8N5R9
E3SF16	I7B740
E3SF16	I7B740
E3SF16	A0AAU6NUA4
E3SF16	A0AAU6NUA4
E3SF16	A0A5B9N1D8
E3SF16	A0A5B9N1D8
E3SF16	A0A7T2D9F5
E3SF16	A0A7T2D9F5
E3SF16	A0A1W5LJ33
E3SF16	A0A1W5LJ33
A0A4Y5TR45	A0A4Y5TR45
A0A4Y5TR45	A0A6B9J471
A0A4Y5TR45	A0A2I6UFZ3
A0A4Y5TR45	A0A5P8PKJ4
A0A4Y5TR45	A0A6B9LYW8
A0A4Y5TR45	A0A5B9NK42
A0A4Y5TR45	A0A4Y5TR45
A0A4Y5TR45	A0A5P8PKJ4
A0A4Y5TR45	A0A6B9LYW8
A0A4Y5TR45	A0A2I6UFZ3
A0A4Y5TR45	A0A6B9J471
A0A4Y5TR45	A0A5B9NK42
A0A4Y5TR45	D7RMK4
A0A4Y5TR45	A0AB38Z2S0
A0A4Y5TR45	A0A2S1GRI9
A0A4Y5TR45	C4MZU1
A0A4Y5TR45	A0A858I0Z0
A0A4Y5TR45	A8R9I5
A0A4Y5TR45	A0A2S1GNX8
A0A4Y5TR45	A0A3T0ILN2
A0A4Y5TR45	G3MV05
A0A4Y5TR45	A0A172Q298
A0A4Y5TR45	A0A172Q1H5
A0A4Y5TR45	A0A0K1LL04
A0A4Y5TR45	A0A0A7HBC4
A0A4Y5TR45	A0A2S1GRI9
A0A4Y5TR45	A0AB38Z2S0
A0A4Y5TR45	D7RMK4
A0A4Y5TR45	C4MZU1
A0A4Y5TR45	A0A172Q298
A0A4Y5TR45	A0A858I0Z0
A0A4Y5TR45	A8R9I5
A0A4Y5TR45	A0A3T0ILN2
A0A4Y5TR45	G3MV05
A0A4Y5TR45	A0A172Q1H5
A0A4Y5TR45	A0A0A7HBC4
A0A4Y5TR45	A0A2S1GNX8
A0A4Y5TR45	A0A0K1LL04
A0AB39U1Q7	A0AB39U1Q7
A0AB39U1Q7	A0AB39TZX8
A0AB39U1Q7	A0AB39C3Y8
A0AB39U1Q7	A0A162E4K3
A0AB39U1Q7	A0A2Z4QC60
A0AB39U1Q7	A0A0K1Y4Z1
A0AB39U1Q7	A0AAX4GZZ6
A0AB39U1Q7	A0A7T3N7B2
A0AB39U1Q7	A0A1J0MHE9
A0AB39U1Q7	A0A2K9V5X0
A0AB39U1Q7	A0A5Q2F6W6
A0AB39U1Q7	A0A1B1P955
A0AB39U1Q7	A0A386K6I3
A0AB39U1Q7	A0A5Q2F6W6
A0AB39U1Q7	A0A386K6I3
A0AB39U1Q7	A0AB39U1Q7
A0AB39U1Q7	A0AB39TZX8
A0AB39U1Q7	A0A162E4K3
A0AB39U1Q7	A0A2Z4QC60
A0AB39U1Q7	A0A0K1Y4Z1
A0AB39U1Q7	A0A2K9V5X0
A0AB39U1Q7	A0AAX4GZZ6
A0AB39U1Q7	A0AB39C3Y8
A0AB39U1Q7	A0A1B1P955
A0AB39U1Q7	A0A1J0MHE9
A0AB39U1Q7	A0A7T3N7B2
A0AB39U1Q7	A0A1B0VVD2
A0AB39U1Q7	A0A1B0VVD2
A0A5Q2F2J1	A0A5Q2F2J1
A0A5Q2F2J1	A0A1J0MGJ3
A0A5Q2F2J1	S6C349
A0A5Q2F2J1	A0A2H5BNI6
A0A5Q2F2J1	A0A2K9VAC6
A0A5Q2F2J1	A0A482N0N2
A0A5Q2F2J1	A0A2H5BP30
A0A5Q2F2J1	A0A5B9N692
A0A5Q2F2J1	C8XUE4
A0A5Q2F2J1	A0A6G9LCP3
A0A5Q2F2J1	A0A6G9LCC2
A0A5Q2F2J1	A0AB39C0Y1
A0A5Q2F2J1	A0A6G8RM49
A0A5Q2F2J1	A0A1B0Z2T4
A0A5Q2F2J1	A0A6G8RPF0
A0A5Q2F2J1	A0A385ITP6
A0A5Q2F2J1	A0A6G8RQ36
A0A5Q2F2J1	A0A5C0CB14
A0A5Q2F2J1	G8GDG2
A0A5Q2F2J1	A0A7T8IUT5
A0A5Q2F2J1	A0A678PBH0
A0A5Q2F2J1	X4Y770
A0A5Q2F2J1	A0A6G6XQI5
A0A5Q2F2J1	A0A249Y066
A0A5Q2F2J1	A0A7T8EIJ0
A0A5Q2F2J1	A0A7T8IUA0
A0A5Q2F2J1	G4WAF5
A0A5Q2F2J1	A0A1X9I999
A0A5Q2F2J1	A0A7T7Z8C8
A0A5Q2F2J1	A0A0C5PQL8
A0A5Q2F2J1	A0A2Z5HLA2
A0A5Q2F2J1	A0A1W5PUN8
A0A5Q2F2J1	A0A193GYE3
A0A5Q2F2J1	A0A2Z5HMP5
A0A5Q2F2J1	A0A385ISL9
A0A5Q2F2J1	A0A5C0CD99
A0A5Q2F2J1	G3M0W8
A0A5Q2F2J1	A0A2P0QEF6
A0A5Q2F2J1	A0A6G9LA00
A0A5Q2F2J1	A0A2H4PP76
A0A5Q2F2J1	A0A5C0CCW8
A0A5Q2F2J1	A0A6G8RMW7
A0A5Q2F2J1	G9IIB8
A0A5Q2F2J1	A0A2Z3DNL9
A0A5Q2F2J1	A0A7T8EMH7
A0A5Q2F2J1	A0AAU8GKN8
A0A5Q2F2J1	A0A6G9LAJ8
A0A5Q2F2J1	A0AAU8GIG7
A0A5Q2F2J1	A0A248ACU7
A0A5Q2F2J1	A0A6G8RNI6
A0A5Q2F2J1	K4I356
A0A5Q2F2J1	A0AAU8GLN4
A0A5Q2F2J1	S4TPC7
A0A5Q2F2J1	A0A6G8RLM3
A0A5Q2F2J1	A0A6G6XUN2
A0A5Q2F2J1	K4I493
A0A5Q2F2J1	A0A7L4YDP4
A0A5Q2F2J1	A0A7L4YET4
A0A5Q2F2J1	A0A3G2K8X1
A0A5Q2F2J1	I0J2Q6
A0A5Q2F2J1	A0A7L4YH02
A0A5Q2F2J1	A0A2H4PHN3
A0A5Q2F2J1	A0A248H435
A0A5Q2F2J1	A0A7L4YED3
A0A5Q2F2J1	A0A140XAV5
A0A5Q2F2J1	A0A075E1A9
A0A5Q2F2J1	A0A7M3T4B7
A0A5Q2F2J1	A0A7M3T3X8
A0A5Q2F2J1	A0A3G2K9E9
A0A5Q2F2J1	A0A2Z6C850
A0A5Q2F2J1	A0AAX4G8S5
A0A5Q2F2J1	A0AAU8GKN8
A0A5Q2F2J1	A0AAU8GIG7
A0A5Q2F2J1	A0A513QBC5
A0A5Q2F2J1	A0A5C0CB14
A0A5Q2F2J1	G8GDG2
A0A5Q2F2J1	A0A6G8RNI6
A0A5Q2F2J1	A0A6G9LCC2
A0A5Q2F2J1	A0A2Z6C850
A0A5Q2F2J1	A0A6G8RM49
A0A5Q2F2J1	A0A1B0Z2T4
A0A5Q2F2J1	A0A6G8RP38
A0A5Q2F2J1	A0A6G8RQ36
A0A5Q2F2J1	A0A6G9LCP3
A0A5Q2F2J1	A0A7T8IUT5
A0A5Q2F2J1	A0A678PBH0
A0A5Q2F2J1	X4Y770
A0A5Q2F2J1	A0A6G6XQI5
A0A5Q2F2J1	A0A249Y066
A0A5Q2F2J1	A0A7T8EIJ0
A0A5Q2F2J1	A0A7T8IUA0
A0A5Q2F2J1	G4WAF5
A0A5Q2F2J1	A0A1X9I999
A0A5Q2F2J1	A0A7T7Z8C8
A0A5Q2F2J1	A0A0C5PQL8
A0A5Q2F2J1	A0A2Z5HLA2
A0A5Q2F2J1	A0A1W5PUN8
A0A5Q2F2J1	A0A193GYE3
A0A5Q2F2J1	A0A6G8RLM3
A0A5Q2F2J1	A0A6G9LAJ8
A0A5Q2F2J1	A0AAU8GLN4
A0A5Q2F2J1	A0A411BCJ0
A0A5Q2F2J1	A0A6G6XUN2
A0A5Q2F2J1	A0A248H2F9
A0A5Q2F2J1	A0AAU8GJC1
A0A5Q2F2J1	A0A7T8EMH7
A0A5Q2F2J1	U5PZ98
A0A5Q2F2J1	U5PUV2
A0A5Q2F2J1	S4TQC7
A0A5Q2F2J1	A0A2Z5HMP5
A0A5Q2F2J1	A0A385ISL9
A0A5Q2F2J1	A0A5C0CD99
A0A5Q2F2J1	G3M0W8
A0A5Q2F2J1	A0A2P0QEF6
A0A5Q2F2J1	A0A6G9LA00
A0A5Q2F2J1	A0A5C0CCW8
A0A5Q2F2J1	G9IIB8
A0A5Q2F2J1	A0A2Z3DNL9
A0A5Q2F2J1	W8JKH4
A0A5Q2F2J1	A0A140XBV2
A0A5Q2F2J1	A0A0N6W246
A0A5Q2F2J1	A0A6G8RPF0
A0A5Q2F2J1	A0A385ITP6
A0A5Q2F2J1	A0AB39C0Y1
A0A5Q2F2J1	A0A2H5BPQ9
A0A5Q2F2J1	C8XUE4
A0A5Q2F2J1	A0A3G2K8X1
A0A5Q2F2J1	A0A7M3T3J2
A0A5Q2F2J1	A0A2H4PP76
A0A5Q2F2J1	A0A248ACU7
A0A5Q2F2J1	A0A6G8RMW7
A0A5Q2F2J1	I0J2Q6
A0A5Q2F2J1	A0A7L4YH02
A0A5Q2F2J1	A0A2H4PHN3
A0A5Q2F2J1	A0A3G2K9E9
A0A5Q2F2J1	A0A248H435
A0A5Q2F2J1	A0A7L4YED3
A0A5Q2F2J1	A0A140XAV5
A0A5Q2F2J1	A0A075E1A9
A0A5Q2F2J1	A0A7M3T4B7
A0A5Q2F2J1	I7B267
A0A5Q2F2J1	A0A7M3T3X8
A0A5Q2F2J1	A0A7L4YDP4
A0A5Q2F2J1	K4I493
A0A5Q2F2J1	A0A7L4YET4
A0A5Q2F2J1	K4I356
A0A5Q2F2J1	S4TPC7
A0A5Q2F2J1	E1XT52
A0A6J5KT07	A0A6J5KT07
A0A6J5KT07	A0A6J5KT07
R9TED3	R9TED3
R9TED3	R9TED3
R9TED3	I6XCR0
R9TED3	A0A6B9STE3
R9TED3	Q6WI94
R9TED3	A0A6H0X982
R9TED3	V9LZG1
R9TED3	A0A0D4DB00
R9TED3	A0A126HGB1
R9TED3	A0A126HGB1
R9TED3	V9LZG1
R9TED3	A0A0D4DB00
R9TED3	Q6WI94
R9TED3	A0A6B9STE3
R9TED3	A0A6H0X982
R9TED3	I6XCR0
A0A3G2YSC3	A0A3G2YSC3
A0A3G2YSC3	A0A249Y2N0
A0A3G2YSC3	K7YBA3
A0A3G2YSC3	A0AAU8L059
A0AAN0Y6E8	A0AAN0Y6E8
A0A7L7SMR8	A0A7L7SMR8
A0AA39MRV6	A0AA39MRV6
A0AAD5VVW5	A0AAD5VVW5
A0A2T7UEM2	A0A2T7UEM2
A0A1T4RJV1	A0A1T4RJV1
A0A0D2L2I5	A0A0D2L2I5
A0A0D2L2I5	A0A8H7XZA9
A0A0D2L2I5	A0A409XPB6
A0A0D2L2I5	A0A0C2XLM7
T0KD23	T0KD23
A0ABQ3KX49	A0ABQ3KX49
A0ABQ3KX49	A0ABN1E9U4
A0ABQ3KX49	A0A1H6N6P6
A0A5R9Q0E2	A0A5R9Q0E2
A0A5R9Q0E2	A0A0S2K0C0
A0A5R9Q0E2	A0A5S3YZ72
A0A5R9Q0E2	A0A4Q7IS76
I1XH95	I1XH95
A0ABD7FX27	A0ABD7FX27
A0ABD7FX27	A0A395TZP2
A0ABU5V054	A0ABU5V054
A0ABU5V054	A0A106BJ15
A0ABU5V054	D6CV64
A0A437R571	A0A437R571
A0A437R571	A0ABS6MJK6
A0A437R571	A0ABT9I595
A0A437R571	A0ABS7XAW2
A0A437R571	A0A285IYP7
A0A437R571	A0ABV6BEQ4
A0A5C5FWF6	A0A5C5FWF6
A0A238FGL2	A0A238FGL2
A0AAD5XLD2	A0AAD5XLD2
A0A0L0DPB3	A0A0L0DPB3
A0AAD7AP56	A0AAD7AP56
A0AAD7AP56	A0A8H6YXU3
A0ABS5I151	A0ABS5I151
A0A0A7EF20	A0A0A7EF20
A0A9X1XPW3	A0A9X1XPW3
A0A1H6DGZ2	A0A1H6DGZ2
A0ABR6XBQ6	A0ABR6XBQ6
A0A8H6TAL1	A0A8H6TAL1
A0A8H6TAL1	A0ABQ0M6H7
A0A1W1E1L1	A0A1W1E1L1
A0A1E5E6P1	A0A1E5E6P1
A0A1W9KTK4	A0A1W9KTK4
A0AAU6SUA0	A0AAU6SUA0
A0AAU6SUA0	A0A9X0R7D2
A0AAU6SUA0	A0AAU6TM12
A0AAU6SUA0	A0AAU6UMC4
A0AAU6SUA0	A0AAU6VHN3
A0AAU6SUA0	A0AAU6UF63
A0AAU6SUA0	A0AAU6SJP1
A0A833JQC0	A0A833JQC0
H8FY82	H8FY82
H8FY82	H8FY82
A0ABW5DJ07	A0ABW5DJ07
K9RZZ4	K9RZZ4
K9RZZ4	A0AAE7PCW7
A0AA47PA46	A0AA47PA46
A0AA47PA46	A0AA48LID9
A0A7G8Q4D5	A0A7G8Q4D5
A0A866D1U7	A0A866D1U7
A0A866D1U7	A0A866D1Q6
A0A866D1U7	A0AB74UQ52
A0A866D1U7	A0A2S1PFU0
A0A844HSA3	A0A844HSA3
A0A0F7IKQ5	A0A0F7IKQ5
A0A839ENV2	A0A839ENV2
A0A2P0ZLJ6	A0A2P0ZLJ6
A0A2P0ZLJ6	A0AAU6W170
A0A2P0ZLJ6	A0AAU6W0Q4
A0A2P0ZLJ6	A0AAU6W1R6
A0A2P0ZLJ6	A0AAU6W2C7
A0A9N6WU96	A0A9N6WU96
A0AAU8HYJ5	A0AAU8HYJ5
A0AAU8HYJ5	A0A858MTI7
A0AAU8HYJ5	A0A9N6WVE0
A0A7A6S3D7	A0A7A6S3D7
A0B7F9	A0B7F9
A0A0K0MNV8	A0A0K0MNV8
A0A6G5P4K8	A0A6G5P4K8
A0A6G5P4K8	K4PWU2
A0A6G5P4K8	K4Q360
A0A3G8F1U4	A0A3G8F1U4
A0A3G8F1U4	A0A1W5P504
A0A4R7J359	A0A4R7J359
A0A1B1NCN7	A0A1B1NCN7
A0A1B1NCN7	A0ABV5V1S9
A0A1B1NCN7	A0A917BQV6
A0A1I6Y145	A0A1I6Y145
A0A1I6Y145	A0A0E3NF90
A0A1I6Y145	A0A0E3NE21
A0A9E7SB08	A0A9E7SB08
G7WP10	G7WP10
A0AAE9W0D7	A0AAE9W0D7
A0A2P9JZS5	A0A2P9JZS5
A0A2P9JZS5	A0A2P9JZS5
A0ABY3ET12	A0ABY3ET12
A0ABY3ET12	A0ABY3ET12
A0A420XRR1	A0A420XRR1
A0ABV2GP53	A0ABV2GP53
A0A934ND27	A0A934ND27
A0A1G9A3V8	A0A1G9A3V8
A0A1G9A3V8	A0A1I2ADN1
A0A934NDT1	A0A934NDT1
A0A1H2XYI0	A0A1H2XYI0
A0ABD5VDH3	A0ABD5VDH3
A0ABY6ITT4	A0ABY6ITT4
A0ABY6ITT4	A0ABZ2I3U3
A0ABY6ITT4	A0A369W565
A0ABX7RFW0	A0ABX7RFW0
A0A510IEM0	A0A510IEM0
A0A510IEM0	A0AAV5NKH0
A0AAE3LH24	A0AAE3LH24
A0AAE3LH24	A0A897NH23
A0AAE3LH24	A0A830GJ65
A0AAE3LH24	A0AAW4PQY0
A0A6J5KYB8	A0A6J5KYB8
A0A6J5KYB8	A0A6J5KYB8
A0A6J5L112	A0A6J5L112
A0A6J5L112	A0A6J5L112
A0A1S5R3S9	A0A1S5R3S9
A0A1S5R3S9	A0A1S5R3S9
A0A6J5T2Y8	A0A6J5T2Y8
A0A6J5T2Y8	A0A6J5T2Y8
A0AB39AJH0	A0AB39AJH0
A0AB39AJH0	A0AB39AJH0
D9I6D3	D9I6D3
D9I6D3	D9I6D3
A0A5Q0M4V0	A0A5Q0M4V0
A0A5Q0M4V0	A0A5Q0M4V0
A0A6C0JVB9	A0A6C0JVB9
A0A6C0JVB9	A0A6C0JVB9
A0A0A0YXC5	A0A0A0YXC5
A0A0A0YXC5	A0A2P1JU44
A0A2H4P729	A0A2H4P729
A0A2H4P729	A0A2H4P729
A0A6J5PA47	A0A6J5PA47
A0A6J5PA47	A0A6J5PA47
A0A2Z5ZCR0	A0A2Z5ZCR0
A0A2Z5ZCR0	A0A2Z5ZCR0
A0AAU6W0I3	A0AAU6W0I3
A0AAU6W0I3	A0AAU6W0I3
E5E4I3	E5E4I3
E5E4I3	E5E4I3
E5E4I3	A0A410T5H3
E5E4I3	A0AB38ZCD6
E5E4I3	I3WW44
E5E4I3	A0AB38ZCD6
E5E4I3	A0A410T5H3
E5E4I3	I3WW44
A0A192Y9J6	A0A192Y9J6
A0A192Y9J6	A0A192Y9J6
A0A8S5UM52	A0A8S5UM52
A0A8S5UM52	A0A8S5UM52
A0A0B4ZXH5	A0A0B4ZXH5
A0A0B4ZXH5	A0A0B4ZXH5
A0A0B6VPH8	A0A0B6VPH8
A0A0B6VPH8	A0A0B6VPH8
F1D1N9	F1D1N9
F1D1N9	F1D1N9
I7KRB8	I7KRB8
I7KRB8	I7KRB8
A0A1V0DXW4	A0A1V0DXW4
A0A1V0DXW4	A0A1V0DXW4
A0A3N8QQH4	A0A3N8QQH4
A0A3N8QQH4	A0A3N8QQH4
A0A0B6VST6	A0A0B6VST6
A0A0B6VST6	A0A0B6VST6
A0A379PPR4	A0A379PPR4
A0A379PPR4	A0A379PPR4
A0A4Y5JTX2	A0A4Y5JTX2
A0A4Y5JTX2	A0A4Y5JTX2
A0A0A0Q3K7	A0A0A0Q3K7
A0A0A0Q3K7	A0A0A0Q3K7
A0ABC9V1K9	A0ABC9V1K9
A0ABC9V1K9	A0AAP1FB79
A0A8S5PAX8	A0A8S5PAX8
A0A8S5PAX8	A0A8S5PAX8
A0A8S5PAX8	A0A6L6YHN2
E1A2E3	E1A2E3
E1A2E3	E1A2E3
E5EPY9	E5EPY9
E5EPY9	E5EPY9
A0A0S2MWD4	A0A0S2MWD4
A0A0S2MWD4	R9ZZ91
A0A0S2MWD4	A0A0S2MVT2
A0A0S2MWD4	A0A0S2MWX8
A0A0S2MWD4	S0A4T6
A0AAE9GBN2	A0AAE9GBN2
A0AAE9GBN2	A0AAE9GBN2
A0A2U7NS30	A0A2U7NS30
A0A2U7NS30	A0A2U7NS30
A0ABU2EFT4	A0ABU2EFT4
A0ABU2EFT4	A0ABU2EFT4
A0A2S1GLV5	A0A2S1GLV5
A0A2S1GLV5	A0A2S1GLV5
A2SNA2	A2SNA2
A2SNA2	A2SNA2
Q76YI4	Q76YI4
Q76YI4	A0A2H4YFR8
Q76YI4	Q76YI4
C9DGH2	C9DGH2
A0A410T4Y1	A0A410T4Y1
A0A410T4Y1	A0A410T4Y1
A0A7A6RX43	A0A7A6RX43
A0A7A6RX43	A0A1S7BG42
A0A4V2NTQ0	A0A4V2NTQ0
A0ABD4LLK8	A0ABD4LLK8
A0AA37G5U2	A0AA37G5U2
A0AA37G5U2	A0A6M4NPN6
A0AA37G5U2	A0AA37G5U2
A0AA37G5U2	A0A6M4NPN6
J5K9D4	J5K9D4
A0A6C0BG22	A0A6C0BG22
A0A0A1IWG9	A0A0A1IWG9
A0A0A1IWG9	V5JXX7
A0A0A1IWG9	V5JVF8
A0A0A1IWG9	A0A0A1IVB1
A0A0A1IWG9	A0A0K0L9C6
A0A0A1IWG9	F2W6E7
A0A0A1IWG9	F2W6Y2
A0A0A1IWG9	A0A5C1K5H4
A0A0A1IWG9	A0A218L3U0
A0A0A1IWG9	A0A6G9LHG1
A0A0A1IWG9	D6RRU0
A0A0A1IWG9	A0A6G9LJU6
A0A0A1IWG9	A0A6G9LKU0
A0A0A1IWG9	A0A6G9LDZ5
A0A6C0ARI8	A0A6C0ARI8
A0A6C0LMF1	A0A6C0LMF1
A0A133VGJ8	A0A133VGJ8
A0A7G5CG22	A0A7G5CG22
A0A7G5CG22	A0A6G8R3R0
A0A7G5CG22	A0A7L7SGD1
U5PZL8	U5PZL8
K4F7W3	K4F7W3
A0AAX4MWL9	A0AAX4MWL9
A0AAN7D9B5	A0AAN7D9B5
A0A6J5MAC8	A0A6J5MAC8
A0AAX4G6E9	A0AAX4G6E9
A0A7S7YCJ4	A0A7S7YCJ4
A0A7S7YCJ4	A0A7G9V283
A0A7S7YCJ4	A0A7G9V1R1
A0A7S7YCJ4	W8E9U0
A0A7S7YCJ4	A0A7G9V380
A0A7S7YCJ4	A0ABX8SPZ7
A0A7S7YCJ4	A0AAE9BRZ8
A0A7S7YCJ4	A0A7G9V0R4
A0A7S7YCJ4	A0A7G9V190
A0A7S7YCJ4	A0A7G9V2Q7
A0A7S7YCJ4	A0A9E6GNY4
A0A7S7YCJ4	A0AAE9BP84
A0A7S7YCJ4	A0AAX4MW08
A0AAU8BDP5	A0AAU8BDP5
A0AAU8BDP5	A0AAU8BCY6
A0A0G1ZFC3	A0A0G1ZFC3
A0A0T5ZXK4	A0A0T5ZXK4
A0A0T5ZXK4	A0A1F4WP71
A0A6C0JSE4	A0A6C0JSE4
A0A6C0BPP3	A0A6C0BPP3
A0A2T1K4X9	A0A2T1K4X9
A0A6C0M1F2	A0A6C0M1F2
A0A0G0Q7K1	A0A0G0Q7K1
A0A0J8VDY9	A0A0J8VDY9
A0A0E3JJ87	A0A0E3JJ87
A0A0E3JJ87	A0ABZ2EP50
A0A0E3JJ87	A0A172JG60
A0A090SUR2	A0A090SUR2
A0A2L1KG15	A0A2L1KG15
A0A2L1KG15	A0AAJ5LMX6
A0A2L1KG15	A0A2Z1CCL9
A0A2L1KG15	A0A2L1KG15
A0A0F9LIN7	A0A0F9LIN7
A0A380FZD3	A0A380FZD3
A0A380FZD3	A0A974KY98
A0A380FZD3	A0A2I7Y910
A0A0K0MPY8	A0A0K0MPY8
A0A1Z1LYK2	A0A1Z1LYK2
A0A1Z1LYK2	A0A1Z1LXT9
A0A1Z1LYK2	A0A1Z1LZD2
A0A1Z1LYK2	A0A1Z1LZD2
A0A1Z1LYK2	A0A1Z1LYK2
A0A1Z1LYK2	A0A1Z1LXT9
A0A7G3KEG3	A0A7G3KEG3
A0A7G3KEG3	A0A6B9Y0I9
A0A7G3KEG3	A0AAE7WFV3
A0A7G3KEG3	A0A6B9Y0I9
A0A7G3KEG3	A0A7G3KEG3
A0A7G3KEG3	A0AAE7WFV3
A0A6B9SW49	A0A6B9SW49
A0A6B9SW49	A0A3T0IGM9
A0A6B9SW49	A0A6B9SW33
A0A6B9SW49	A0A7D3QMH5
A0A6B9SW49	A0A7G9VYA7
A0A6B9SW49	A0A6B9J4H2
A0A6B9SW49	A0A6B9LZC4
A0A6B9SW49	A0A6B9JAK1
A0A6B9SW49	A0A345AV37
A0A6B9SW49	A0A4Y1NMH7
A0A6B9SW49	A0A650EV33
A0A6B9SW49	A0A385IIH8
A0A6B9SW49	A0A6M9Z674
A0A6B9SW49	A0A3T0IGM9
A0A6B9SW49	A0A6B9SW49
A0A6B9SW49	A0A385IIH8
A0A6B9SW49	A0A7D3QMH5
A0A6B9SW49	A0A7G9VYA7
A0A6B9SW49	A0A650EV33
A0A6B9SW49	A0A6M9Z674
A0A6B9SW49	A0A4Y1NMH7
A0A6B9SW49	A0A6B9J4H2
A0A6B9SW49	A0A6B9LZC4
A0A6B9SW49	A0A6B9SW33
A0A6B9SW49	A0A6B9JAK1
A0A6B9SW49	A0A345AV37
A0A023W5A4	A0A023W5A4
A0A023W5A4	A0A5P8PHL1
A0A023W5A4	A0A5P8PHL1
A0A023W5A4	A0A023W5A4
A0A898KAF7	A0A898KAF7
A0A898KAF7	A0A2S1PGQ3
A0A898KAF7	J7I4I7
A0A898KAF7	I6ZVH4
A0A898KAF7	J7KKM5
A0A898KAF7	E1A1C3
A0A898KAF7	J7I4I7
A0A898KAF7	A0A898KAF7
A0A898KAF7	J7KKM5
A0A898KAF7	I6ZVH4
A0A898KAF7	A0A2S1PGQ3
A0A898KAF7	E1A1C3
A0A898KAF7	A0A223LDM8
A0A898KAF7	A0A2S1PEE1
A0A898KAF7	A0A223LDM8
A0A898KAF7	A0A2S1PEE1
A0A898KAF7	Q19CI6
A0A898KAF7	Q19CI6
A0A0G2SSR1	A0A0G2SSR1
A0A0G2SSR1	A0A249XWV4
A0A0G2SSR1	A0A2I6PFC8
A0A0G2SSR1	A0A0G2SSR1
A0A0G2SSR1	A0A249XWV4
A0A0G2SSR1	A0A2I6PFC8
A0A7D7JQE6	A0A7D7JQE6
A0A7D7JQE6	A0A6B9SQC1
A0A7D7JQE6	A0A6B9SRL0
A0A7D7JQE6	A0A7S6HTD1
A0A7D7JQE6	Q76XG6
A0A7D7JQE6	A0A6B9X7H6
A0A7D7JQE6	A0A0B7MRP6
A0A7D7JQE6	A0A482MLF5
A0A7D7JQE6	A0A2K9VNG2
A0A7D7JQE6	A0A6B9LR80
A0A7D7JQE6	A0A345BS27
A0A7D7JQE6	A0A220NTN9
A0A7D7JQE6	C4MZ38
A0A7D7JQE6	A7XFI0
A0A7D7JQE6	A0A650DGK6
A0A7D7JQE6	A0A6B9WNN1
A0A7D7JQE6	A0A6B9SQC1
A0A7D7JQE6	A0A7S6HTD1
A0A7D7JQE6	A0A6B9SRL0
A0A7D7JQE6	A0A7D7JQE6
A0A7D7JQE6	A7XFI0
A0A7D7JQE6	Q76XG6
A0A7D7JQE6	A0A6B9X7H6
A0A7D7JQE6	A0A220NTN9
A0A7D7JQE6	A0A482MLF5
A0A7D7JQE6	A0A2K9VNG2
A0A7D7JQE6	A0A6B9LR80
A0A7D7JQE6	A0A345BS27
A0A7D7JQE6	A0A0B7MRP6
A0A7D7JQE6	A0A6B9WNN1
A0A7D7JQE6	A0A650DGK6
A0A7D7JQE6	C4MZ38
A0A0K1LR53	A0A0K1LR53
A0A0K1LR53	A0A6H0X235
A0A0K1LR53	A0A1G4GQ87
A0A0K1LR53	A0A0K2FGN4
A0A0K1LR53	A0AB39C9A5
A0A0K1LR53	A0A193GZ12
A0A0K1LR53	A0A0K1LPC6
A0A0K1LR53	D5JFC7
A0A0K1LR53	K7NNL6
A0A0K1LR53	A0A0K1LR53
A0A0K1LR53	A0A6H0X235
A0A0K1LR53	A0A1G4GQ87
A0A0K1LR53	A0A0K2FGN4
A0A0K1LR53	A0AB39C9A5
A0A0K1LR53	A0A193GZ12
A0A0K1LR53	A0A0K1LPC6
A0A0K1LR53	D5JFC7
A0A0K1LR53	K7NNL6
A0A0K1LR53	Q56BV3
A0A0K1LR53	A0A076YI14
A0A0K1LR53	K0NZU3
A0A0K1LR53	M9UV37
A0A0K1LR53	A0A7I8HNF7
A0A0K1LR53	A0A0M4S5W8
A0A0K1LR53	A0A1W5N170
A0A0K1LR53	A0A1W5N0B0
A0A0K1LR53	A0A8A6NID1
A0A0K1LR53	A0A8E7FMG9
A0A0K1LR53	D9ICE8
A0A0K1LR53	A0A1W5P0G5
A0A0K1LR53	A0A7T3NBA7
A0A0K1LR53	K4F9W0
A0A0K1LR53	A0A6M3YMT7
A0A0K1LR53	A0A3B8DIG8
A0A0K1LR53	A0ABV8PTD6
A0A0K1LR53	A0A1B1IX94
A0A0K1LR53	A0A0K0QS53
A0A0K1LR53	Q56BV3
A0A0K1LR53	K0NZU3
A0A0K1LR53	A0A076YI14
A0A0K1LR53	A0A3B8DIG8
A0A0K1LR53	M9UV37
A0A0K1LR53	A0A0M4S5W8
A0A0K1LR53	A0A8E7FMG9
A0A0K1LR53	A0A7I8HNF7
A0A0K1LR53	A0A8A6NID1
A0A0K1LR53	A0A1W5N170
A0A0K1LR53	A0A1W5P0G5
A0A0K1LR53	A0A1W5N0B0
A0A0K1LR53	A0A7T3NBA7
A0A0K1LR53	A0A6M3YMT7
A0A0K1LR53	K4F9W0
A0A0K1LR53	D9ICE8
A0A0K1LR53	A0ABV8PTD6
A0A0K1LR53	A0A1B1IX94
A0A0K1LR53	A0A0K0QS53
A0A0K1LR53	A0A7T8EQT4
A0A0K1LR53	A0A7T8EQT4
Q6U9B2	Q6U9B2
Q6U9B2	A0A219Y9M4
Q6U9B2	Q56EH3
Q6U9B2	A0AA94YU47
Q6U9B2	Q6U9B2
Q6U9B2	A0A219Y9M4
Q6U9B2	A0AA94YU47
Q6U9B2	Q56EH3
A0A678ZRW6	A0A678ZRW6
A0AA51RB85	A0AA51RB85
A0AA51RB85	A0A0D3QHD3
A0AA51RB85	A0A4D6DS25
A0AA51RB85	A0A0D3QHC9
A0ABZ0ZX43	A0ABZ0ZX43
A0ABZ0ZX43	A0AAU8EF25
A0ABZ0ZX43	A0AAU8EED0
A0ABZ0ZX43	A0AAU8EDJ7
A0ABZ0ZX43	D1L2U1
A0ABZ0ZX43	A0A1V0E685
A0ABZ0ZX43	A0A386K880
A0ABZ0ZX43	A0A386K816
A0ABZ0ZX43	A0A2Z5HAE3
A0ABZ0ZX43	A0A9E8YYX2
A0ABZ0ZX43	A0A9X9JLT7
A0ABZ0ZX43	A0A6M5C8I2
A0ABZ0ZX43	A0A344UBY2
A0ABZ0ZX43	A0A0P0LM15
A0ABZ0ZX43	A0A7S6R8E7
A0ABZ0ZX43	A0A5P8PKS7
A0ABZ0ZX43	A0AAX4AMH3
A0ABZ0ZX43	A0ABZ2I5W2
A0ABZ0ZX43	A0AAX4G5R0
A0ABZ0ZX43	A0A8S5M099
A0ABZ0ZX43	A0A219YHD3
A0ABZ0ZX43	A0A9E9M8B2
A0ABZ0ZX43	A0ABZ1A0E7
A0ABZ0ZX43	A0A977XS22
A0ABZ0ZX43	A0AAV1MBS7
A0ABZ0ZX43	A0A2U8USE3
A0ABZ0ZX43	A0AA49X5R2
A0ABZ0ZX43	A0A4P6DIU7
A0ABZ0ZX43	A0AAE9KWU3
A0ABZ0ZX43	A0AAV1MAN9
A0ABZ0ZX43	A0A9X9N9J4
A0ABZ0ZX43	A0AAX4AM59
A0ABZ0ZX43	A0A219YH94
A0ABZ0ZX43	A0AAV1MDS6
A0ABZ0ZX43	A0A3Q9WU78
A0ABZ0ZX43	A0A4Y5TVJ5
A0ABZ0ZX43	A0A0U3DKZ6
A0ABZ0ZX43	A0AAF0D812
A0ABZ0ZX43	A0A4D6T3R3
A0ABZ0ZX43	A0ABX6QU11
A0ABZ0ZX43	A0AAE7SNR0
A0ABZ0ZX43	A0AAV1MAB6
A0ABZ0ZX43	A0A0K2FH23
A0ABZ0ZX43	A0A249Y245
A0ABZ0ZX43	P07717
A0ABZ0ZX43	Q778M4
A0ABZ0ZX43	T1PU66
A0ABZ0ZX43	Q9T141
A0ABZ0ZX43	A0ABZ2EPD7
A0ABZ0ZX43	A0A5B9NE37
A0ABZ0ZX43	A0A289ZHN9
A0ABZ0ZX43	A0ABZ2EPU3
A0ABZ0ZX43	A0A289ZT80
A0ABZ0ZX43	A0AAV1MJ41
A0ABZ0ZX43	A0AAE8YZU3
A0ABZ0ZX43	A0A088FA25
A0ABZ0ZX43	A0AAX3DFL6
A0ABZ0ZX43	A0A172JG02
A0ABZ0ZX43	A0A976RWC2
A0ABZ0ZX43	A0A9E9J1J4
A0ABZ0ZX43	A0A193GZB6
A0ABZ0ZX43	A0A0E3M0Z9
A0ABZ0ZX43	B3FYI0
A0ABZ0ZX43	A0AAU6SH92
A0ABZ0ZX43	A0ABX8K088
A0ABZ0ZX43	A0A7G9UTJ3
A0ABZ0ZX43	A0A0U2DX20
A0ABZ0ZX43	A0ABZ2EP33
A0ABZ0ZX43	A0ABZ2EPW5
A0ABZ0ZX43	A0A976RWH9
A0ABZ0ZX43	A0A249Y2U0
A0ABZ0ZX43	A0A7G9UTP0
A0ABZ0ZX43	A0AAX3BQI2
A0ABZ0ZX43	A0A0E3GMV5
A0ABZ0ZX43	A0A1I9S3U5
A0ABZ0ZX43	A0A5Q2W8Z9
A0ABZ0ZX43	A0AA96Q249
A0ABZ0ZX43	A0AAE9YBX5
A0ABZ0ZX43	A0A8E4STW4
A0ABZ0ZX43	A0A385IPC3
A0ABZ0ZX43	A0AA50F3C6
A0ABZ0ZX43	A0AAD2Q047
A0ABZ0ZX43	A0AAV1MEE6
A0ABZ0ZX43	A0A514U6B1
A0ABZ0ZX43	A0A5B9NGP4
A0ABZ0ZX43	A0A9E8JZP8
A0ABZ0ZX43	A0AAE7XIL6
A0ABZ0ZX43	A0A482MG76
A0ABZ0ZX43	A0A5J6DAT2
A0ABZ0ZX43	A0ABZ2I7I5
A0ABZ0ZX43	A0A2K9VGU5
A0ABZ0ZX43	A0A9E7T2C6
A0ABZ0ZX43	A0A0F7LA49
A0ABZ0ZX43	A0A2H4P6S6
A0ABZ0ZX43	A0AAE8B700
A0ABZ0ZX43	A0AA51N0L5
A0ABZ0ZX43	A0AAE8B6V9
A0ABZ0ZX43	A0A6B9RGV4
A0ABZ0ZX43	A0A8T8IX49
A0ABZ0ZX43	A0A9E7NNZ8
A0ABZ0ZX43	A0AAT9S8B5
A0ABZ0ZX43	A0AAT9SAW6
A0ABZ0ZX43	A0AAE7VK63
A0ABZ0ZX43	A0A192Y7U4
A0ABZ0ZX43	A0AAE7FJ41
A0ABZ0ZX43	A0AA96NEM6
A0ABZ0ZX43	A0A3G8F0M8
A0ABZ0ZX43	A0AAF0IEI6
A0ABZ0ZX43	A0A1J0MEN1
A0ABZ0ZX43	E5L7C2
A0ABZ0ZX43	A0A8E5FP43
A0ABZ0ZX43	A0ZXK2
A0ABZ0ZX43	B3VCI2
A0ABZ0ZX43	I6Q8U8
A0ABZ0ZX43	A0A7D3QKI4
A0ABZ0ZX43	A0A5J6CUK6
A0ABZ0ZX43	A0A1I9SFA5
A0ABZ0ZX43	A0A0K2Z2K8
A0ABZ0ZX43	P00969
A0ABZ0ZX43	A0A481S317
A0ABZ0ZX43	B3VD36
A0ABZ0ZX43	I6Q9Y2
A0ABZ0ZX43	I6QAC8
A0ABZ0ZX43	Q858N1
A0ABZ0ZX43	I6QA03
A0ABZ0ZX43	A0A2K9VJY1
A0ABZ0ZX43	A0A7S6R7G5
A0ABZ0ZX43	E1XU86
A0ABZ0ZX43	A0A5J6T8V7
A0ABZ0ZX43	A0A386KCH9
A0ABZ0ZX43	A0AA51VH53
A0ABZ0ZX43	A0A6B9RJQ9
A0ABZ0ZX43	A0A481V6Q6
A0ABZ0ZX43	A0A649WKA8
A0ABZ0ZX43	A0AAT9S6W3
A0ABZ0ZX43	Q6WYR4
A0ABZ0ZX43	Q3V7E2
A0ABZ0ZX43	Q6WY54
A0ABZ0ZX43	Q6WYK9
A0ABZ0ZX43	Q6WYF8
A0ABZ0ZX43	A0A7S6R843
A0ABZ0ZX43	A0A2U8USY7
A0ABZ0ZX43	A0A9E9M7A7
A0ABZ0ZX43	A0AAU8EDB9
A0ABZ0ZX43	A0AAV1ME97
A0ABZ0ZX43	A0AAV1MJ11
A0ABZ0ZX43	A0AAU8ED09
A0ABZ0ZX43	A0AAU8ECP4
A0ABZ0ZX43	A0AAX4G5F7
A0ABZ0ZX43	A0A5B9NBR1
A0ABZ0ZX43	A0A2U8USK2
A0ABZ0ZX43	A0AAE9C6V8
A0ABZ0ZX43	A0AAU8EHZ1
A0ABZ0ZX43	A0AAU8ECB5
A0ABZ0ZX43	A0A4D6DZV7
A0ABZ0ZX43	A0AA96GZ71
A0ABZ0ZX43	A0A2U8USN5
A0ABZ0ZX43	A0AAF0D870
A0ABZ0ZX43	A0A7S6U299
A0ABZ0ZX43	A0ABZ2I6F2
A0ABZ0ZX43	A0A7S6R5W0
A0ABZ0ZX43	A0ABZ2I625
A0ABZ0ZX43	A0AAU8EFI8
A0ABZ0ZX43	A0A7S6U4P1
A0ABZ0ZX43	A0A813LX92
A0ABZ0ZX43	F8R4Q6
A0ABZ0ZX43	A0AAV1MIL1
A0ABZ0ZX43	A0A7S6R5X8
A0ABZ0ZX43	A0A9Y1YYV6
A0ABZ0ZX43	A0AAF0IDZ7
A0ABZ0ZX43	A0A3S5IBH6
A0ABZ0ZX43	A0ABZ2I6N9
A0ABZ0ZX43	A0AAF0IE54
A0ABZ0ZX43	A0ABZ2IB98
A0ABZ0ZX43	A0AAU8BW87
A0ABZ0ZX43	A0A7S6U3W0
A0ABZ0ZX43	A0A9E7NY51
A0ABZ0ZX43	A0ABZ2IBG3
A0ABZ0ZX43	A0AA96QXR6
A0ABZ0ZX43	A0ABZ2IAY5
A0ABZ0ZX43	A0A3Q9WST1
A0ABZ0ZX43	A0A7S6U3X8
A0ABZ0ZX43	A0A7S6R9J4
A0ABZ0ZX43	A0ABZ2IBH1
A0ABZ0ZX43	A0A977KD83
A0ABZ0ZX43	A0A5P1KKM9
A0ABZ0ZX43	A0AAX4GJB1
A0ABZ0ZX43	A0A7S6RAK1
A0ABZ0ZX43	A0A7G9UTD0
A0ABZ0ZX43	A0A3S9U842
A0ABZ0ZX43	A0AAF0D8C0
A0ABZ0ZX43	A0AAF0ID27
A0ABZ0ZX43	A0A0P0IDF0
A0ABZ0ZX43	A0A5Q2F327
A0ABZ0ZX43	A0AAV1ME46
A0ABZ0ZX43	A0A1V0E6D2
A0ABZ0ZX43	A0AB38ZCZ9
A0ABZ0ZX43	A0A4P6PME4
A0ABZ0ZX43	A0A1V0E6H0
A0ABZ0ZX43	A0A1D8F0D1
A0ABZ0ZX43	U5P428
A0ABZ0ZX43	A0AAE7P319
A0ABZ0ZX43	A0AAE9HD96
A0ABZ0ZX43	A0AAV1MEM3
A0ABZ0ZX43	A0A5Q2WBS8
A0ABZ0ZX43	A0AAE9C7S0
A0ABZ0ZX43	A0AB39C4W1
A0ABZ0ZX43	A0A3G8F375
A0ABZ0ZX43	A0AAE8YD90
A0ABZ0ZX43	A0AAV1MG59
A0ABZ0ZX43	A0A5B9NGG6
A0ABZ0ZX43	A0A7D3QLB0
A0ABZ0ZX43	A0A7S6R9F3
A0ABZ0ZX43	A0A7G9UT83
A0ABZ0ZX43	A0ABZ2IB57
A0ABZ0ZX43	A0AAT9V668
A0ABZ0ZX43	B3VCY6
A0ABZ0ZX43	A0AAX4Q0U9
A0ABZ0ZX43	A0AAE9SVC9
A0ABZ0ZX43	A0A6M2Z716
A0ABZ0ZX43	A0AAF0H391
A0ABZ0ZX43	A0AAT9SCH2
A0ABZ0ZX43	A0ABZ2BM69
A0ABZ0ZX43	A0AAV1MEB5
A0ABZ0ZX43	A0ABZ2IB40
A0ABZ0ZX43	A0AAU8EEC7
A0ABZ0ZX43	A0A1I9SF54
A0ABZ0ZX43	A0ABZ0ZY52
A0ABZ0ZX43	A0AAD2GPY0
A0ABZ0ZX43	A0A286P069
A0ABZ0ZX43	A0A9E8GBU7
A0ABZ0ZX43	K4PB10
A0ABZ0ZX43	A0A2P1CKW2
A0ABZ0ZX43	A0A2S1GSW3
A0ABZ0ZX43	A0A2D2W637
A0ABZ0ZX43	A0AAX3BPC9
A0ABZ0ZX43	A0A1P8L668
A0ABZ0ZX43	A0A1L7DS10
A0ABZ0ZX43	A0AAE8YNV3
A0ABZ0ZX43	A0A2Z5H3H0
A0ABZ0ZX43	A0A6M9QBE8
A0ABZ0ZX43	A0A192Y9B2
A0ABZ0ZX43	B4YQE2
A0ABZ0ZX43	A0A385IFI8
A0ABZ0ZX43	A0A2S1GSJ6
A0ABZ0ZX43	A0A385IGT0
A0A2H1UJA0	A0A2H1UJA0
A0A2H1UJA0	A0A2D0PDS1
A0A2H1UJA0	A0A2H1UJ42
A0A2H1UJA0	A0A2H1UJF2
A0A2H1UJA0	A0A2D0PD85
A0A2H1UJA0	A0A2D0PED0
A0A2H1UJA0	A0A2D0PCX8
A0A2H1UJA0	A0A2D0PDY2
A0A2H1UJA0	A0A2D0PEH3
A0A2H1UJA0	A0A2C9D1X3
A0A2H1UJA0	A0A2H1XB43
A0A2H1UJA0	A0A2D0PEK4
A0A2H1UJA0	A0A2D0PE49
A0A2H1UJA0	A0A2D0PDC3
A0A2H1UJA0	A0A2H1X922
A0A2H1UJA0	A0A2D0PEK9
A0A2H1UJA0	A0AA51VJ82
A0A385IGP4	A0A385IGP4
A0A385IGP4	A0A385IFF0
G0YQ50	G0YQ50
G0YQ50	A0A5P8NKC3
G0YQ50	A0A9E7T1N0
A0A2S1GTA3	A0A2S1GTA3
A0A2S1GTA3	A0A7L7SMZ7
A0A2S1GTA3	A0A384ZVT8
A0A2S1GTA3	A0A9E7LUT2
A0A2S1GTA3	A0A5B9NLL9
A0A2S1GTA3	A0A5B9NGJ7
A0A2S1GTA3	A0AA47KWR2
W6PUN9	W6PUN9
A0A172JGA1	A0A172JGA1
A0A172JGA1	A0AAU8BAN0
A0A172JGA1	A0AAE9VVJ0
A0A172JGA1	A0A9E7M738
A0A172JGA1	A0A9E7NFJ3
A0A172JGA1	A0ABY3P9R3
A0A172JGA1	A0A1B0TR50
A0A172JGA1	W6PUH3
A0A172JGA1	Q3YJZ5
A0A172JGA1	A0A345AQE4
A0A172JGA1	A0AA51N3V4
A0A172JGA1	A0A1I9SEC7
A0A172JGA1	A0A060DB83
A0A172JGA1	A0AAU7VFT2
A0A172JGA1	A0AA50IGD4
A0A172JGA1	A0AA50F0W0
A0A172JGA1	A0AAE8Y3C2
A0A172JGA1	A0A8F2F3Q0
A0A172JGA1	W6PEE2
A0A172JGA1	A0A3Q9I597
A0A172JGA1	A0AA49X5Q5
A0A172JGA1	A0A7M4BMC6
A0A172JGA1	A0A1C9M238
A0A172JGA1	A0A1Z1LVZ6
A0A172JGA1	A0A2L0HPF1
A0A172JGA1	A0A7D5FPR5
A0A172JGA1	A0ABY4XTD6
A0A172JGA1	A0A5B9NG26
A0A172JGA1	A0A482MIY5
A0A172JGA1	A0A5B9N7X9
A0A172JGA1	A0AA47KVI2
A0A172JGA1	A0ABZ2I6C9
A0A172JGA1	A0AAE8XH48
A0A172JGA1	A0A345AVC8
A0A172JGA1	A0A172JGD4
A0A172JGA1	A0A1S6KVG2
A0A172JGA1	A0A172JGH7
A0A172JGA1	A0A8T8JEF9
A0A172JGA1	B3VCT6
A0A172JGA1	A0AAE7XSA1
A0A172JGA1	A0ABX9AFE5
A0A172JGA1	A0A1A8YFI8
A0A172JGA1	A0AAE7UX00
A0A172JGA1	A0A9E7M876
A0A172JGA1	A0A384WXV4
A0A172JGA1	A0AAU8GEI6
A0A172JGA1	A0AAU8GHR1
A0A172JGA1	A0AAU8GC31
A0A172JGA1	A0A7G8L165
A0A172JGA1	A0AAE9VVX0
A0A172JGA1	A0A5B9N9R4
A0A172JGA1	A0AAF0APR3
A0A172JGA1	A0A3S7N8N6
A0A172JGA1	A0AAE9KF96
A0A172JGA1	A0A7G9IRC3
B6Z9F0	B6Z9F0
B6Z9F0	A0AAE9NM89
B6Z9F0	A0AAE8YFP1
B6Z9F0	A0A7G5BCU4
B6Z9F0	A0A3G1L2Z3
B6Z9F0	D3W685
B6Z9F0	A0AAE7VPV0
B6Z9F0	A0AAU6PXQ8
B6Z9F0	A0A7G3WWM9
B6Z9F0	A0AAU7VH35
B6Z9F0	B3VCN0
B6Z9F0	A0A140XFL7
B6Z9F0	A0AAE7VS08
B6Z9F0	A0A9E7NZB1
B6Z9F0	A0A2Z4Q300
B6Z9F0	A0A514A6V7
A0A486VGB0	A0A486VGB0
A0A249XLB6	A0A249XLB6
A0A249XLB6	A0AAT9TSZ2
A0A249XLB6	A0AA96J1A2
A0A249XLB6	A0A9E8GBC4
A0A249XLB6	A0A513ZYZ7
A0A249XLB6	A0ABZ2CLT8
A0A249XLB6	A0A1S5Q8D6
A0A249XLB6	A0A9X9E514
A0A6J5KNW8	A0A6J5KNW8
A0A6J5KNW8	A0A6J5KNW8
A0A5Q2F7U4	A0A5Q2F7U4
A0A486RCW0	A0A486RCW0
A0A6B9SUH6	A0A6B9SUH6
A0A977XPW6	A0A977XPW6
A0A0F6SJC0	A0A0F6SJC0
I7K3E6	I7K3E6
A0A455U6L4	A0A455U6L4
A0A1H9MZS4	A0A1H9MZS4
U3TIX8	U3TIX8
A0ABV2NU61	A0ABV2NU61
A0ABV2NU61	A0ABV2NU61
A0A384ZVT9	A0A384ZVT9
A0A0H4THA2	A0A0H4THA2
U5PT48	U5PT48
U5PT48	B6V2K8
U5PT48	A0A217EQR5
U5PT48	A0AAU8BE90
U5PT48	A0A217EQR5
U5PT48	U5PT48
U5PT48	B6V2K8
A0A1L7DSA8	A0A1L7DSA8
